needsPractice,type,pronoun,singular,plural,translations,categories,class,,
TRUE,adverb,,beides,,"both, ambos",general,,,
TRUE,adverb,,andere,,"other, otro",general,,,
TRUE,adverb,,draußen,,"outside, afuera",general,,,
TRUE,adverb,,manchmal,,"sometimes, algunas veces",general,,,
TRUE,adverb,,meisten,,"most, la mayoria",general,,,
TRUE,adverb,,nochmal,,"again, de nuevo",general,,,
TRUE,adverb,,zuerst,,"first, primero",general,,,
TRUE,adverb,,danach,,"after, despues",general,,,
TRUE,adverb,,früh,,"early, temprano",general,,,
TRUE,adverb,,niemand,,"nobody, nadie",general,,,
TRUE,adverb,,immer,,"always, siempre",general,,,
TRUE,adverb,,unterschied,,"difference, diferencia",general,,,
TRUE,noun,der,Würfel,,"cube, cubo",general,,,
TRUE,adjective,,schlecht,,"malo, bad",general,,,
TRUE,adjective,,echter,,"verdadero, real",general,,,
TRUE,adjective,,weibliche,,"female,femenino",general,,,
TRUE,adjective,,lieblings,,"favourite, favorito",general,,,
TRUE,adjective,,hässlich,,"ugly, feo",general,,,
TRUE,adjective,,bequem,,"comfortable, comodo",general,,,
TRUE,adjective,,dicke,,"thick, grueso",general,,,
TRUE,noun,die,Eigenschaft,Eigenschaften,"property, propiedad",general,,,
TRUE,noun,der,Stift,Stifte,"pen, esfero",general,,,
TRUE,noun,das,Lieder,,"song, cancion",general,,,
TRUE,noun,das,Kleid,,"dress, vestido",general,,,
TRUE,noun,das,Holz,,"wood, madera",general,,,
TRUE,noun,das,Leder,,"leather, cuero",general,,,
TRUE,noun,der,Hals,,"throat, cuello",general,,,
TRUE,noun,der,Schlafanzug,,pijama,general,,,
TRUE,noun,die,Krawatte,,"tie, corbata",general,,,
TRUE,verb,,schneiden,,"cut, cortar",general,,,
TRUE,verb,,lachen,,"laugh, reir",general,,,
TRUE,verb,,schauen,,"watch, ver",general,,,
TRUE,verb,,bereiten,,"prepare, preparar",general,,,
TRUE,verb,,duscht,,"take a shower, tomar una ducha",general,,,
,verb,,aussehen,,"look, mirar",general,,,
TRUE,noun,,gegenteil,,"opposite, ",general,,,
TRUE,adverb,,schlussendlich,,"finally, finalmente",general,,,
TRUE,verb,,sehen,,"see, ver",general,,,
TRUE,verb,,ziehen,,"pull, jalar",general,,,
TRUE,verb,,erkennen,,"recognize, reconocer",general,213,,
TRUE,verb,,benennen,,"name, nombrar",general,213,,
TRUE,verb,,anwenden,,"apply, aplicar",general,213,,
TRUE,verb,,bleiben,,"stay, permanecer",general,214,,
TRUE,adverb,,lieber,,"rather, mas bien",general,214,,
TRUE,verb,,überlegt,,"consider, considerar",general,214,,
TRUE,adverb,,bestimmt,,"definitely, definitivamente",general,214,,
TRUE,adjective,,spannend,,"exciting, emocionante",general,214,,
TRUE,adverb,,bald,bald,"soon, pronto",general,215,,
TRUE,noun,der,Bauarbeiter,,"construction worker, obrero",house,,,
TRUE,noun,das,Gerät,Geräte,"equipment, equipo","officeEquipment, home",215,,
TRUE,noun,die,Verbindung,Verbindungen,"connection, conexion",officeEquipment,215,,
TRUE,verb,,verbinden,,"connect, conectar",officeEquipment,215,,
TRUE,noun,der,Bildschirm,Bildschirme,monitor,officeEquipment,215,,
TRUE,noun,der,Drucker,Drucker,"printer, impresora",officeEquipment,215,,
TRUE,noun,die,Tastatur,Tastaturen,"keyboard, teclado",officeEquipment,215,,
TRUE,verb,,antworten,,"reply, responder",officeEquipment,215,,
TRUE,noun,der,Brief,Briefe,"letter, carta",officeEquipment,215,,
TRUE,noun,der,Briefumschlag,Briefumschläge,"envelope, sobre",officeEquipment,215,,
TRUE,noun,das,Papier,Papiere,"paper, papel",officeEquipment,215,,
TRUE,noun,die ,Post,Post,"post, correo",officeEquipment,215,,
TRUE,noun,der,Bleistift,Bleistifte,"pencil, lapiz",officeEquipment,215,,
TRUE,noun,das,Internet,,internet,officeEquipment,215,,
TRUE,noun,das,Dokument,Dokumente,"document, documento",officeEquipment,215,,
TRUE,noun,die ,Postkarte,Postkarten,"postcard, postal","officeEquipment, travel",215,,
TRUE,verb,,schicken (dir),,"send, enviarte",officeEquipment,215,,
TRUE,verb,,verschicken,,"send, enviar",officeEquipment,215,,
TRUE,noun,die,Anschrift,Anschriften,"address, direccion",officeEquipment,215,,
TRUE,noun,die,Briefmarke,Briefmarken,"stamp, estampilla",officeEquipment,215,,
TRUE,noun,der,Briefkasten,,"mailbox, buzon",officeEquipment,215,,
TRUE,noun,das,Paket,Pakete,"parcel, paquete",officeEquipment,215,,
TRUE,noun,die,Sendung,,"sending, envio",officeEquipment,215,,
TRUE,noun,der,Postbote,,"postman, cartero",officeEquipment,215,,
TRUE,noun,die,Tüte,Tüten,"bag, bolsa",officeEquipment,215,,
TRUE,verb,,überraschen,,"surprise, sorprender",officeEquipment,215,,
TRUE,noun,der,Feuerwehrmann,,"firefighter, bombero",professions,,,
TRUE,noun,der,Mitschülerin,,"classmate, compañero de clase",professions,,,
TRUE,noun,der,Krankenpfleger,,"nurse, enfermero","professions, health",,,
TRUE,noun,der,Schauspieler,,actor,professions,,,
TRUE,noun,die,Sängerin,,"singer, cantante",professions,,,
TRUE,noun,die ,Ärztin,Ärztinnen,"doctor, doctora",professions,211,,
TRUE,noun,der,Schriftsteller,Schriftsteller,"writer, escritor",professions,211,,
TRUE,noun,der,Lehrer,Lehrer,"teacher, profesor",professions,211,,
TRUE,noun,der,Schüler,Schüler,"student, estudiante",professions,211,,
TRUE,noun,die,Mode-Designerin,,diseñador de moda,professions,211,,
TRUE,noun,der,Informatiker,,"develper, informático",professions,211,,
TRUE,noun,der,Polizist,,policia,professions,211,,
TRUE,noun,der,Koch,,"cook, cocinero",professions,211,,
TRUE,noun,der,Student,,estudiante,professions,211,,
TRUE,noun,der,Architekt,,arquitecto,professions,211,,
TRUE,noun,die,Architektin,,arquitecta,professions,211,,
TRUE,noun,der ,Frisör,,peluquero,professions,211,,
TRUE,noun,die,Friseurin,,peluquera,professions,211,,
TRUE,noun,der,Artz,Ärzte,doctor,professions,211,,
TRUE,noun,der,Sekretär,,secretario,professions,211,,
TRUE,noun,der,Taxifahrer,,taxista,professions,211,,
TRUE,noun,die,Feuerwehrfrau,,bombera,professions,211,,
TRUE,noun,die,Krankenschwester,,enfermera,professions,211,,
TRUE,noun,der,Chef,,jefe,professions,211,,
TRUE,noun,die,Chefin,,jefa,professions,211,,
TRUE,noun,der,Kollege,,colega,professions,211,,
TRUE,noun,die,Kollegin,,colega,professions,211,,
TRUE,noun,die,Bauarbeiterin,,"construction worker, obrera",professions,211,,
TRUE,noun,der,Musiker,,musician,professions,211,,
TRUE,noun,der ,Manager,,manager,professions,212,,
TRUE,adjective,,teuer,,"expensive, caro",shopping,,,
TRUE,adjective,,günstig,,"cheap, barato",shopping,,,
TRUE,adjective,,billig,,"cheap, barato",shopping,,,
TRUE,adjective,,wenig,,"little, poco",shopping,,,
TRUE,adjective,,gestreift,,"striped,rayado",shopping,,,
TRUE,adjective,,gepunktet,,"dotted,punteado",shopping,,,
TRUE,adjective,,bunt,,"colorful,colorido",shopping,,,
TRUE,adjective,,koloriert,,"colorful,colorido",shopping,,,
TRUE,noun,das,Geschäft,Geschäfte ,"business, negocio",shopping,,,
TRUE,noun,das,Angebot,Angebote,"offer, oferta",shopping,,,
TRUE,noun,die,Sache,Sachen,"thing, cosa",shopping,,,
TRUE,noun,das,Geld,Gelder,"money, dinero",shopping,,,
TRUE,noun,die,Karte,,"card, tarjeta",shopping,,,
TRUE,noun,das,Bargeld (bar),,"cash, efectivo",shopping,,,
TRUE,noun,das,Geschenk,Geschenke,"gift, regalo",shopping,,,
TRUE,noun,die,Münze,Münzen,"coin, moneda",shopping,,,
TRUE,noun,der,Schein,Scheine,"bill, billete",shopping,,,
TRUE,noun,der,Verkäufer,,"seller, vendedor",shopping,,,
TRUE,noun,die,Kleidung (pl),Kleidung (pl),"clothes, ropa",shopping,,,
TRUE,noun,die,Klamotten (pl),Klamotten (pl),"clothes, ropa",shopping,,,
TRUE,noun,die,Schuh,Schuhe,"shoes, zapatos",shopping,,,
TRUE,noun,die,Handschuh,Handschuhe,"gloves, guantes",shopping,,,
TRUE,noun,die,Socke,Socken,"socks, medias",shopping,,,
TRUE,noun,die,Jeans,Jeans,jeans,shopping,,,
TRUE,noun,die,Hose,,"pants, pantalon",shopping,,,
TRUE,noun,die,Bluse,,"blouse, blusa",shopping,,,
TRUE,noun,die,Jacke,,"jacket, chaqueta",shopping,,,
TRUE,noun,die,Weste,,"vest, chaleco",shopping,,,
TRUE,noun,die,Stiefel,,"boots, botas",shopping,,,
TRUE,noun,die,Mode,,"fashion, moda",shopping,,,
TRUE,noun,die,Mütze,,"beanie, gorro",shopping,,,
TRUE,noun,die,Kappe,,"cap, gorra",shopping,,,
TRUE,noun,der,Pullover,,"sweather, saco",shopping,,,
TRUE,noun,der,Rock,,"skirt, falda",shopping,,,
TRUE,noun,der,Mantel,,"long coat, chaqueta",shopping,,,
TRUE,noun,der,Schal,,"scarf, bufanda",shopping,,,
TRUE,noun,der,Hut,,"hat, sombrero",shopping,,,
TRUE,noun,das,Hemd,,"shirt, camisa",shopping,,,
TRUE,noun,das,Lächeln,,"smile, sonrisa",shopping,,,
TRUE,noun,das,T-Shirt,,"T-shirt, camiseta",shopping,,,
TRUE,noun,das,halstuch,,"neckerchief, pañuelo",shopping,,,
TRUE,noun,der,Wünsche,,"wishes, deseos",shopping,,,
TRUE,noun,die,kasse,,"cashier, caja",shopping,,,
TRUE,noun,die,Umkleidekabine,,"changing room, vestidor",shopping,,,
TRUE,verb,,holen,,"fetch, traer",shopping,,,
TRUE,verb,,kosten,,"cost, costo",shopping,,,
TRUE,verb,,zahlen,,"pay, pagar",shopping,,,
TRUE,verb,,tragen,,"wear, vestir",shopping,,,
TRUE,verb,,anziehen,,"wear, ponerse",shopping,,,
TRUE,verb,,anprobieren,,"try on, probarse",shopping,,,
TRUE,verb,,umtauschen,,"exchange, cambiar",shopping,,,
TRUE,question,,wenn,,"if, si",shopping,,,
TRUE,verb,,ausziehen,,"take off, sacar",shopping,,,
TRUE,verb,,sich umschauen,,"look around, mirar alrededor",shopping,,,
TRUE,noun,das,Kleidungsstück,Kleidungsstücke,"clothing, clothes",shopping,,,
TRUE,noun,die,Stoff,Stoffe,"fabrics, tejidos",shopping,,,
TRUE,verb,,genießen,,"enjoy, disfrutar",shopping,,,
TRUE,noun,,Laden,,shop,shopping,,,
TRUE,verb,,braucht,,"need, necesitar",shopping,,,
TRUE,adjective,,eng,,"narrow, estrecho",shopping,,,
TRUE,adjective,,schmal,,"narrow, angosto",shopping,,,
TRUE,adjective,,kurze,,"short, corto",shopping,,,
TRUE,adjective,,weit,,"wide, ancho",shopping,,,
TRUE,verb,,leisten,,"afford, poder pagar",shopping,248,,
TRUE,noun,der,Gürtel,Gürtel,"belt, correa",shopping,248,,
TRUE,noun,die,Kirche,Kirchen,"church, iglesia",general,248,,
TRUE,noun,die,Kirsche,Kirschen,"cherry, cereza",general,248,,
TRUE,verb,,aufsteht,,"get up, lvantarse",trennbare,,,
TRUE,verb,,fernsehen,,"watch tv, mirar tv",trennbare,,,
TRUE,verb,,anfangen,,"start, empezer",trennbare,,,
TRUE,verb,,aufbauen,,"build up, construir",trennbare,,,
TRUE,verb,,entdeckt,,"discover, descubrir",trennbare,,,
TRUE,verb,,empfinden,,"feel, sentir",trennbare,,,
TRUE,verb,,versprechen,,"promise, promesa",trennbare,,,
TRUE,verb,,abfahren,,"depart, salir",trennbare,,,
TRUE,verb,,abfangen,,"begin, start",trennbare,,,
TRUE,verb,,wegwerfen,,"throw away, tirar",trennbare,,,
TRUE,verb,,arbeiten,,"work, trabajar",work,211,,
TRUE,noun,die,Arbeit,Arbeiten,"job, trabajo",work,211,,
TRUE,noun,der ,Beruf,Berufe,"job, trabajo",work,211,,
TRUE,noun,das,Büro,Büros,"office, oficina",work,211,,
TRUE,noun,das,Meeting,,"meeting, reunion",work,211,,
TRUE,verb,,bauen,,"build, construir",work,211,,
TRUE,verb,,verkaufen,,"sell, vender",work,211,,
TRUE,adjective,,hart,,"hard, dificil",general,211,,
TRUE,adjective,,gut bezahlt,,"well paid, bien pagado",work,211,,
TRUE,adjective,,schlecht bezahlt,,"poorly paid, mal pagado",work,211,,
TRUE,adjective,,anstrengend,,"exhausting, agotador",work,211,,
TRUE,adjective,,einfach,,"easy, facil",general,211,,
TRUE,adjective,,langweilig,,"boring, aburrido","work, travel",211,,
TRUE,verb,,planen,,"plan, planear",work,212,,
TRUE,verb,,untersuchen,,"examine, examinar",work,212,,
TRUE,verb,,backen,,"bake, hornear",work,212,,
TRUE,verb,,briefe zustellen,,"deliver letters, entrega cartas",work,212,,
TRUE,verb,,reparieren,,"repair, reparar",work,212,,
TRUE,verb,,kochen,,"cook, cocinar",work,212,,
TRUE,verb,,haare schneiden,,"cut hair, cortar cabello",work,212,,
TRUE,verb,,unterrichten,,"teacher, profesor",work,212,,
TRUE,adjective,,in Vollzeit,,"full time, tiempo completo",work,212,,
TRUE,adjective,,in Teilzeit,,"part time, medio tiempo",work,212,,
TRUE,adjective,,frei,,"free, libre",work,212,,
TRUE,adjective,,arbeitslos,,"unemployed, desempleado",work,212,,
TRUE,verb,,pendeln,,commute,work,212,,
TRUE,verb,,streiken,,"strike, protestar",work,212,,
TRUE,verb,,organisieren,,"orginize, organizar",work,212,,
TRUE,noun,der ,Termin,Termine,"meeting, reunion",work,212,,
TRUE,noun,der,Schreibtisch,Schreibtische,"desk, escritorio",work,212,,
TRUE,noun,die,Aufgabe,Aufgaben,"task, tarea",work,212,,
TRUE,verb,die,idee,ideen,idea,work,214,,
TRUE,verb,der,Job,,"job, trabajo",work,214,,
TRUE,verb,der,Anwalt,Anwälte,abogado,work,214,,
TRUE,verb,die,Anwältin,Anwältinnen,abogada,work,214,,
TRUE,verb,der,Elektriker,Elektriker,electicista,work,214,,
TRUE,verb,der,Zahnarzt,Zahnärzte,dentista,work,214,,
TRUE,verb,,verdiene,,"deserve, merecer",work,214,,
TRUE,verb,,werden,,"become, volverse",work,214,,
TRUE,noun,die,Reise,Reisen,"travel, viaje",travel,251,,
TRUE,verb,,reisen,,"travel, viajar",travel,251,,
TRUE,noun,der,Koffer,Koffer,"suitcase, maleta",travel,251,,
TRUE,adjective,,schwer,,"heavy, pesado",general,251,,
TRUE,noun,das,Gepäck,Gepäcke,"luggage, equipaje",travel,251,,
TRUE,verb,,einpacken,,"pack in, empacar",travel,251,,
TRUE,verb,,auspacken,,"pack out, desempacar",travel,251,,
TRUE,adjective,,leer,,"empty, vacio",general,251,,
TRUE,adverb,,bisher,,so far,"general, travel",251,,
TRUE,noun,die,Sehenswürdigkeit,Sehenswürdigkeiten,"worth seeing, sightseeing, turismo",travel,251,,
TRUE,noun,der,Urlaub,Urlaube,"vacation, vacacion",travel,251,,
TRUE,noun,das,Reisezizel,Reiseziele,"destination, destino",travel,251,,
TRUE,noun,der,Pass,Pässe,"passport, pasaporte",travel,251,,
TRUE,noun,die,Gesundheitsversicherung,,"insurance, seguro de salud",travel,251,,
TRUE,noun,die,Krankenversicherung,,"insurance, seguro de salud","general, travel",251,,
TRUE,verb,,brauchen,,"need, necesitar",travel,251,,
TRUE,noun,die,Sonne,Sonnen,"sun, sol","travel, weather",251,,
TRUE,verb,,scheinen,,"shine, brillar",travel,251,,
TRUE,noun,das,Meer,Meere,"sea, mar",travel,251,,
TRUE,adjective,,ruhig,,"calm, tranquilo",general,251,,
TRUE,noun,der ,Strand,Strände,"beach, playa",travel,251,,
TRUE,noun,der ,Zug,Züge,tren,travel,251,,
TRUE,pronoun,,etwas,,"something, algo",travel,251,,
TRUE,noun,der ,Flughafen,Flughäfen,"airport, aereopuerto",travel,251,,
TRUE,noun,der ,Hafen,Häfen,"port, puerto",travel,251,,
TRUE,noun,die,Wolke,Wolken,"cloud, nube",travel,251,,
TRUE,noun,die,Kreuzfahrt,,cruise,travel,251,,
TRUE,noun,das,Schiff,Schiffe,"ship, embarcacion",travel,251,,
TRUE,adjective,,ganzen,,"whole, completo",general,251,,
TRUE,skill,,ganzen Tag lang,,all day long,"general, travel",251,,
TRUE,adverb,,dabei,,"with, con","general, travel",251,,
TRUE,skill,,Wie gefällt dir ...,,"how do you like, que te parece","general, travel",251,,
TRUE,skill,,Mir gefällt ...,,"I like, me gusta","general, travel",251,,
TRUE,skill,,Wir machen Urlaub,,"we are on vacation, estamos de vacaciones","general, travel",251,,
TRUE,question,,Wohin,,"where, donde",general,251,,
TRUE,question,,Wen,,"whom, quien",general,252,,
TRUE,verb,,hoffen,,"hope, esperar",general,252,,
TRUE,verb,,verfassen,,"conpose, componer",travel,252,,
TRUE,verb,,erhelten,,"receive, recibir",travel,252,,
TRUE,noun,,Liebe,,"dear, querido",travel,252,,
TRUE,adjective,,länger,,"longer, largo",general,252,,
TRUE,adverb,,noch,,"still, todavia",general,252,,
TRUE,verb,das,Wetter,,"weather, clima","travel, weather",252,,
TRUE,noun,,Schnee,Schnee,snow,"travel, weather",252,,
TRUE,verb,,gefahrlich,,dangerous,general,252,,
TRUE,verb,,weinen,,"cry, llorar",general,252,,
TRUE,verb,,versuchen,,"try, intentar",general,252,,
TRUE,noun,die,heiße Schokolade,,"hot chocolate, chocolate caliente",food,151,,
TRUE,noun,der,Ingwertee,,"ginger tea, ",food,151,,
TRUE,noun,der,Keks,,"cookies, galletas",food,151,,
TRUE,noun,der,Kuchen,,"cake, pastel",food,151,,
TRUE,verb,,auswählen,,"choose, escoger",shopping,151,,Wähle aus
TRUE,noun,,Kellner Kellnerin,,"waiter, mesero",shopping,151,,
TRUE,noun,,Gast Gästin Gästin,,"guest, cliente",shopping,151,,
TRUE,verb,,suchen,,"looking for, buscar",shopping,151,,
TRUE,noun,die,Zitrone,,"lemon, limon",food,151,,
TRUE,noun,der,Zucker,,"sugar, azucar",food,151,,
TRUE,noun,die,Sahne,,"cream, crema",food,151,,
TRUE,noun,der,Honing,,"honey, miel",food,151,,
TRUE,verb,,Da vorne,,"over there, ahi",general,151,,
TRUE,adverb,,manche,,"some, algunos",general,151,,
TRUE,noun,die ,Bestellung,,"order, orden",shopping,151,,
TRUE,adverb,,deshalb,,"therefor, por lo tanto",shopping,151,,
TRUE,noun,die,Rechnung,,"invoice, recibo",shopping,152,,
TRUE,adverb,,getrennt,,"separated, separado",shopping,152,,
TRUE,verb,,stimmt so,,"keep the change, conserva el cambio",shopping,152,,
TRUE,noun,das,Trinkgeld,,"tip, propina",shopping,152,,
TRUE,verb,,laden,,"charge, cargar",shopping,152,,
TRUE,verb,,benutzen,,"use, usar",shopping,152,,
TRUE,verb,,dürfen (darf ich ...),,"may, puedo",shopping,152,,
TRUE,noun,das,getränk,,"drink, bebida",food,152,,
TRUE,verb,,schließen,,"close, cerrar",general,152,,
TRUE,noun,das,Messer,Messer,"knife, cuchillo",kitchen,152,,
TRUE,noun,der,Löffel,Löffel,"spoon, cuchara",kitchen,152,,
TRUE,noun,die,Gabeln,Gabeln,"fork, tenedor",kitchen,152,,
TRUE,question,,Wo,,"where, donde",questions,153,,
TRUE,question,,Was,,"what, que",questions,153,,
TRUE,question,,Wie,,"how, como",questions,153,,
TRUE,question,,Wer,,who,shopping,153,,
TRUE,question,,Wann,,"when, cuando",questions,153,,
TRUE,adjective,,früh,,"early, temprano",time,171,,
TRUE,adjective,,spät,,"late, tarde",time,171,,
TRUE,adverb,,schon,,"already, ya",time,171,,
TRUE,adjective,,erst,,"only, solo (tiempo)",time,171,,
TRUE,noun,,Uhr,,"time, hora",time,171,,
TRUE,noun,,Uhr,,"clock, reloj",time,171,,
TRUE,adjective,,nur,,"only, solo",general,171,,
TRUE,skill,,18:00 Uhr,,achtzehn,time,171,,
TRUE,skill,,18:00 Uhr,,achtzehn,time,171,,
TRUE,skill,,16:00 Uhr,,sechzehn,time,171,,
TRUE,skill,,15:00 Uhr,,fünfzehn,time,171,,
TRUE,noun,die,Spätschicht,,"lateshift, turno de la tarde","time, work",172,,
TRUE,noun,der,Abend,Abende,"evening, noche",time,172,,
TRUE,noun,der,Mittag,Mittage,"noon, medio dia",time,172,,
TRUE,noun,der,Morgen,Morgen,"morning, manana",time,172,,
TRUE,noun,die,Nacht,Nächte,"night, noche",time,172,,
TRUE,skill,,Viel Spaß!,,"have fun, diviertete",general,172,,
TRUE,adverb,,wider,,"again, de nuevo",general,172,,
TRUE,noun,der,Fachärztin,,"specialist, especialista","general, professions",172,,
TRUE,noun,die,Schichte,,"shift, turno","time, professions",172,,
TRUE,noun,die,Teilzeit,,"part time, tiempo parcial",time,172,,
TRUE,noun,die,Vollzeit,,"full time, tiempo completo",time,172,,
TRUE,adverb,,nachmittags,,"in the afternoon, por la tarde",time,172,,
TRUE,noun,der,Tagesablauf,,"daily routine, rutina diaria",time,172,,
TRUE,noun,die,Uhrzeit,,"time, hora del dia",time,173,,
TRUE,noun,die,Tageszeit,,"time of day, tiempo del dia",time,173,,
TRUE,adjective,,gerade,,"now, ahora",time,173,,
TRUE,noun,die,stunde ,,"hour, hora",time,173,,
TRUE,noun,das,dreiviertel,,"three quarters, tres cuartos",time,173,,
TRUE,adverb,,normaleweise,,"normally, normalmente",time,173,,
TRUE,noun,,Abendnachrichten,,"night news, noticias de la noche",time,173,,
TRUE,adjective,,ungefähr,,"aproximatelly, aproximadamente",general,173,,
TRUE,pronoun,16,sechzehn,,"sixteen, dieciseis",time,173,,
TRUE,pronoun,60,sechzig,,"sixty, sesenta",time,173,,
TRUE,pronoun,18,achtzehn,,"eighteen, dieciocho",time,173,,
TRUE,noun,die,Altstadt,Altstädte,"old town, centro",general,253,,
TRUE,skill,,noch niemals,,"never, nunca",general,254,,
TRUE,skill,,Spaß haben,,"have fun, divertirse","general, travel",254,,
TRUE,skill,,keine Lust habnen,,"dont feel like it, no me apetece","general, travel",254,,
TRUE,verb,,verlieren,,"loose, perder","general, travel",254,,
TRUE,adjective,,verloren,,"lost, perdido",travel,254,,
TRUE,adjective,,regnerisch,,"rainy, lluvioso","weather, travel",254,,
TRUE,question,,mit wem,,"with who, con quien","questions, travel",254,,
TRUE,adverb,,meistens,,"mostly, principalmente","general, travel",254,,
TRUE,noun,die,Schuld,Schulden,"blame, culpa","general, travel",254,,
TRUE,skill,,fast zu spät,,"almost too late, casi demasiado tarde",travel,254,,
TRUE,noun,der,Alptraum,Alptraum,"nightmare, pesadilla","general, travel",254,,
TRUE,preposition,,während,,"while, mientras","general, travel",254,,
TRUE,noun,,Stadt,,"city, ciudad",travel,254,,
TRUE,noun,,Wolkenkratzer,,"skyscraper, rascacielos,",travel,254,,
TRUE,noun,die,Fähre,Fähren,ferry,travel,254,,
TRUE,verb,,besuchen,,"visit, visitar",travel,254,,
TRUE,verb,,geblieben,,"remained, qudarse",travel,254,,
TRUE,noun,der,Reisepass,Reisepässe,"pasport, pasaporte",travel,254,,
TRUE,noun,der,Mitarbeiter,,"colleague, colega","travel, work",254,,
TRUE,skill,,Das war knapp!,,"that was close, estuvo cerca",travel,254,,
TRUE,noun,die,Aussicht,,"outlook, panorama",travel,254,,
TRUE,skill,,weit weg,,"far away, lejos","travel, directions",255,,
TRUE,adjective,,nah,,"near, cerca","travel, directions",255,,
TRUE,adverb,,links,,"left, izquierda","travel, directions",255,,
TRUE,adverb,,rechts,,"right, derecha","travel, directions",255,,
TRUE,adverb,,gerade aus,,"streight, derecho","travel, directions",255,,
TRUE,verb,,abbiegen,,"turn, girar","travel, directions",255,,
TRUE,skill,,biege links,,"turn left, gire a la izq","travel, directions",255,,
TRUE,noun,der,Weg,Wege,path,"travel, directions",255,,
TRUE,noun,das,Ziel,Ziele,"destination, destino","travel, directions",255,,
TRUE,noun,die,Kreuzung,Kreuzungen,"intersection, interseccion","travel, directions",255,,
TRUE,preposition,,gegenüber,,"opposite, frente","travel, directions",255,,
TRUE,preposition,,neben,,"next to, a lado de","travel, directions",255,,
TRUE,preposition,,zwischen,,"between, entre","travel, directions, position",255,,
TRUE,preposition,,über,,"over, encima","travel, directions, position",255,,
TRUE,preposition,,hinter,,"behind, detras de","travel, directions, position",255,,
TRUE,preposition,,durch,,"through, a traves de","travel, directions, position",255,,
TRUE,verb,,überqueren,,"cross, cruzar","travel, directions",255,,
TRUE,verb,,folgen,,"follow, seguir","travel, directions",255,,
TRUE,noun,,Bushaltestelle,,"bus stop, parada de bus","travel, general",255,Der Supermarkt ist auf der anderen Strase,
TRUE,verb,,bellt,,"bark, ladrar",general,256,,
TRUE,adjective,,Wichtig,,"important, importante",general,256,,
TRUE,skill,,Guck mal,,"look here, echa un vistazo",general,256,,
TRUE,noun,der,Ausflug,,"side trip, viaje opcional","travel, directions",256,,
TRUE,noun,das,Portemonnaie,,"wallet, billetera",chlothes,256,,
TRUE,noun,die,Beziehung,Beziehungen,"relationship, relacion",general,256,,
TRUE,skill,,Wo ist...?,,where is,"travel, directions",257,,
TRUE,skill,,Wo ist bitte...?,,where is,"travel, directions",257,,
TRUE,skill,,Wie komme ich nach zum zur...?,,how do I get to,"travel, directions",257,,
TRUE,skill,,Kennst du den Weg?,,do you know the way,"travel, directions",257,,
TRUE,skill,,Am ende der Straße,,at the end of the street,"travel, directions",257,,
TRUE,skill,,auf der rechten Seite,,on the right side,"travel, directions",257,,
TRUE,skill,,Biegen Sie links ab,,"turn left, gire a la izq","travel, directions",257,,
TRUE,skill,,Was ist der schnellste Weg zu,,what is the fastest way to,"travel, directions",257,,
TRUE,skill,,an der Ecke,,"at the corner, en la esquina","travel, directions",257,,
TRUE,skill,,Kehren Sie um,,turn around,"travel, directions",257,,
TRUE,skill,,den Weg finden,,find the way,"travel, directions",257,,
TRUE,skill,,ich suche,,I am looking for,"travel, directions",257,,
TRUE,skill,,danke für ihre Hilfe,,thanks for your help,"travel, directions",257,,
TRUE,skill,,Bitte schön! Gern geschehen!,,your welcome,"travel, directions",257,<gern geshen>,
TRUE,noun,das,Schild,Schilder,"signs, señales","travel, directions",257,,
TRUE,adjective,,eigentlich,,"actually, realmente","travel, directions",257,,
TRUE,verb,,liegt,,"located, ubicado","travel, directions",257,,
TRUE,verb,,umkehren,,"turn back, regresar","travel, directions",257,,
TRUE,verb,,verlaufen,,"get lost, perderse","travel, directions",257,,
TRUE,noun,die,Entschuldigung,Entschuldigungen,"excuse me, perdone","travel, directions",257,,
TRUE,noun,das,Einfamilienhaus,,detached house,home,211b,,
FALSE,noun,das,Studierendenwohnheim,,student residence,home,211b,,
TRUE,noun,das,Hochhaus, Hochhäuser,"skyscraper, rascacielos,",home,211b,,
TRUE,noun,das,Erdgeschoss,Erdgeschosse,"ground floor, planta baja",home,211b,,
TRUE,noun,der,Altbau,,"old building, edificio viejo",home,211b,,
TRUE,noun,der,Neubau,,"new building, edificio nuevo",home,211b,,
TRUE,noun,der,Aufzug,Aufzüge,"elevator, ascensor",home,211b,,
TRUE,noun,der,Stock,Stöcke,"floor, piso",home,211b,,
TRUE,noun,die,Bude,Buden,"apartment, departamento",home,211b,"jergon, used by young people",
TRUE,noun,die,Mietwohnung,Mietwohnungen,rented apartment,home,211b,,
TRUE,noun,die,Wohnung,Wohnungen,"apartment, departamento",home,211b,,
TRUE,noun,die,Miete,Mieten,"rent, renta",home,211b,,
TRUE,skill,,Ich zahle Miete,,I pay rent,home,211b,,
TRUE,noun,die,Wand,Wände,"wall, pared",home,212b,,
TRUE,noun,die,Küche,Küchen,"kitchen, cocina",home,211b,,
TRUE,noun,das,Bett,Betten,"bed, cama","home, furniture",211b,,
TRUE,noun,das,Regal,Regale,"shelf, estante","home, furniture",211b,,
TRUE,noun,das,Sofa,Sofas,"couch, sillon","home, furniture",211b,,
TRUE,noun,das,Bad,Bäder,"bath, tina","home, furniture",212b,,
TRUE,noun,der,Stuhl,Stühle,"chair, silla","home, furniture",211b,,
TRUE,noun,der,Tisch,Tische,"table, mesa","home, furniture",211b,,
TRUE,noun,der,Couchtisch,Couchtisch,"coffee table, mesa de centro","home, furniture",224b,,
TRUE,noun,der,kleiderschrank,kleiderschranken,"wardrobe, guardarropa","home, furniture",224b,,
TRUE,noun,der,Sessel,Sessel,"armchair, sillon","home, furniture",224b,,
TRUE,noun,der,Schrank,Scränke,"cabinet, gabinete","home, furniture",211b,,
TRUE,noun,der,Herd,Herde,"stove, cocina","home, furniture",211b,,
TRUE,noun,der ,Kühlschrank,Kühlschränke,"fridge, refri","home, furniture",211b,,
TRUE,noun,der,Toaster,Toaster,"toaster, tostadora","home, furniture",211b,,
TRUE,noun,der,Wasserkocher,Wasserkocher,"kettle, tetera","home, furniture",211b,,
TRUE,noun,die,Spüle,Spülen,"sink, fregadero","home, furniture",211b,,
TRUE,noun,die,Waschmaschine,Waschmaschinen,"washing machine, lavadora","home, furniture",211b,,
TRUE,noun,die,Vorhang,Vorhänge,"curtains, cortinas","home, furniture",212b,,
TRUE,adjective,,Erste,,"first, primero","general, home",211b,,
TRUE,adjective,,zweite,,"second, segundo","general, home",211b,,
TRUE,adjective,,Dritter,,"third, tercero","general, home",211b,,
TRUE,adjective,,Vierte,,"fourth, cuarto","general, home",211b,,
TRUE,adjective,,Fünfte,,"fifth, quinto","general, home",211b,,
TRUE,noun,,Schluss,,"at the end, al final",home,212b,,
TRUE,noun,die,Spielsachen,,"toys, juguetes",home,212b,,
TRUE,adjective,,wirklich,,really,home,212b,,
TRUE,adjective,,fein,,fine,home,212b,,
TRUE,adjective,,günstig,,"cheap, barato","home, furniture",213b,,
TRUE,skill,,sieht billig aus,,looks cheap,"home, furniture",213b,,
TRUE,adjective,,hässlich,,"ugly, feo","home, furniture",213b,,
TRUE,verb,,schau mal,,"just look, solo mira","home, furniture",213b,,
TRUE,verb,,guck mal,,"have a look, echa un vistazo","home, furniture",213b,,
TRUE,verb,,sieh mal,,"look, mira","home, furniture",213b,,
TRUE,adjective,,möbliert,,"furnished, amoblado",home,214b,,
TRUE,adjective,,hoch,,"high, alto",home,214b,,
TRUE,adjective,,breit,,"wide, ancho",home,213b,,
TRUE,skill,,ins Geld gehen,,this is very expensive,home,213b,,
TRUE,adjective,,Besitz,,"possession, posesion",home,224b,,
TRUE,noun,das,Dach,Dächer,"roof, techo",home,224b,,
TRUE,noun,der,Vermieter,Vermieterin,"landlord, propietario",home,224b,,
TRUE,noun,der,Holztisch,,wooden table,"home, furniture",224b,,
TRUE,noun,die,Himmelsrichtung,Himmelsrichtungen,cardinal pionts,"places, directions",231b,,
TRUE,adjective,,nördlich,,"north, norte","places, directions",231b,,
TRUE,adjective,,südlich,,"south, sur","places, directions",231b,,
TRUE,adjective,,östlich,,"east, este","places, directions",231b,,
TRUE,adjective,,westlich,,"west, oeste","places, directions",231b,,
TRUE,noun,der,Norden,,"north, norte","places, directions",231b,,
TRUE,noun,der,Süden,,"south, sur","places, directions",231b,,
TRUE,noun,der,Osten,,"east, este","places, directions",231b,,
TRUE,noun,der,Westen,,"west, oeste","places, directions",231b,,
TRUE,noun,das,Meer,Meere,"sea, mar","places, directions",231b,,
TRUE,noun,das,Dorf,Dörfer,"village, aldea","places, directions",231b,,
TRUE,noun,das,Land,Ländern,"country side, campo","places, directions",231b,,
TRUE,noun,der,Berg,Berge,"mountains, montana","places, directions",231b,,
TRUE,noun,der,See,Seen,"lake, lago","places, directions",231b,,
TRUE,noun,die,Stadt,Städte,"city, ciudad","places, directions",231b,,
TRUE,noun,die,Nähe,,"neighborhood, vecindario","places, directions",232b,,
TRUE,adjective,,wichtig,,"important, importante","places, directions",231b,,
TRUE,adverb,,außerdem,,"furthermore, es mas","places, directions",231b,,
TRUE,adjective,,berühmt,,"famous, famoso","places, directions",231b,,
TRUE,adverb,,sogar,,"even, incluso","places, directions",231b,,
TRUE,adjective,,wenige,,"few, poco",directions,231b,,
TRUE,skill,,in der Nähe viele Berge,,many mountains nearby,"places, directions",231b,,
TRUE,skill,,Ich habe Zürich noch nicht besucht,,I haven't visited Zurich yet,"places, directions",231b,,
TRUE,skill,,hier gibt es keine Bibliothek,,there is no library here,"places, directions",231b,,
TRUE,skill,,hier gibt es eine Bibliothek,,there is a library here,"places, directions",231b,,
TRUE,skill,,Gibt es hier ... in der Nähe?,,is there ... nearby?,"places, directions",231b,use dative,
TRUE,skill,,Was gibt es in der Nähe vom ...?,,what is near the ...,"places, directions",231b,,
TRUE,skill,,Kennen Sie den Weg?,,Do you know the Way?,directions,232b,,
TRUE,skill,,Sehr freundlich von Ihnen.,,Very nice of you.,directions,232b,,
TRUE,skill,,Wie ich zum nächsten ... komme?,,how do I get to the next...,directions,232b,,
TRUE,skill,,neben dem,,"next to, a lado de",directions,232b,,
TRUE,skill,,Dann sehen Sie gleich ...,,Then you'll see the...,directions,232b,,
TRUE,verb,,überqueren,,"cross over, transversal",directions,232b,,
TRUE,noun,,nach links,,"to the left, a la izquierda",directions,232b,,
TRUE,noun,,nach rechts,,"to the right, a la derecha",directions,232b,,
TRUE,adverb,,geradeaus,,"straight, derecho",directions,232b,,
TRUE,noun,die,Kreuzung,,"crossing, cruce",directions,232b,,
TRUE,verb,,abbiegen,,"turn, girar",directions,232b,,
TRUE,adjective,,weiter,,"continue, continue",directions,232b,,
TRUE,noun,das,Krankenhaus,,"hospital, hospital",directions,232b,,
TRUE,noun,das,Hotel,,"hotel, hotel",directions,232b,,
TRUE,noun,das,Einkaufszentrum,,"mall, centro comercial",directions,232b,,
TRUE,noun,das,Theater,Theater,"theater, teatro","places, directions",231b,,
TRUE,noun,das,Kino,Kinos,"cinema, cine","places, directions",231b,,
TRUE,noun,das,Museum,Museen,"museum, museo","places, directions",231b,,
TRUE,noun,der,Flughafen,,"airport, aeropuerto","places, directions",232b,,
TRUE,noun,die,Bank,,"bank, banco","places, directions",232b,,
TRUE,noun,die,Apotheke,,"pharmacy, farmacia","places, directions",232b,,
TRUE,noun,die,Diskothek,Diskotheken,"discotheque, discoteca","places, directions",231b,,
TRUE,noun,die,Bibliothek,Bibliotheken,"library, biblioteca","places, directions",231b,,
TRUE,noun,die,Kirche,Kirchen,"church, iglesia","places, directions",231b,,
TRUE,noun,die,Kunst,Künste,"art, arte","places, directions",231b,,
TRUE,noun,die,Kultur,Kulturen,"culture, cultura","places, directions",231b,,
TRUE,noun,die,Kunstwerke,,"works of art, obras de arte","places, directions",231b,,
TRUE,noun,das,Theaterstück,Theaterstücke,"play, obra de teatro","places, directions",231b,,
TRUE,noun,die,Fahrt,,"ride, viaje",directions,233b,,
TRUE,verb,,schwarzfahren,,"travel without pay, viajar sin pagar",directions,233b,,
TRUE,noun,die,Öffis,,"public transport, transporte publico",directions,233b,,
TRUE,verb,,halten,,"stop, parar",directions,233b,,
TRUE,noun,das,Verkehrsmittel,,means of transport,directions,233b,,
TRUE,verb,,einsteigen,,"transfer, cambio de bus",directions,233b,,
TRUE,verb,,umsteigen,,"transfer, cambio de bus",directions,233b,,
TRUE,verb,,aussteigen,,"get out, bajar",directions,233b,,
TRUE,noun,das,Gleis,,"platform, plataforma",directions,233b,,
TRUE,noun,die,Haltestelle,,"bus stop, parada de bus",directions,233b,,
TRUE,skill,,keine sorge,,don't worry,directions,233b,,
TRUE,noun,die,Richtung,,"direction, direccion",directions,233b,the end station,
TRUE,adjective,,wahr,,"true, verdadero",directions,233b,,
TRUE,adjective,,falsch,,"false, falso",directions,233b,,
TRUE,noun,der,Buchstabe,,"letter, carta",directions,233b,,
TRUE,adjective,,Nächstes,,"next, siguiente",directions,233b,,
TRUE,verb,,dauern,,"last, durar",directions,233b,,
TRUE,skill,,Wie lange dauert die Fahrt,,how long does the journey take,directions,233b,staig,
TRUE,verb,,klopfen,,"knock, golpear",house,224,,
TRUE,verb,,springen,,"leap, saltar","house, general",224,,
TRUE,skill,,er macht sich Sorgen um,,he worries about,house,224,,
TRUE,verb,,sorgen,,"care, preocuparse","house, emotions",224,,
TRUE,skill,,Ich bin gespannt auf,,I am excited about,"house, emotions",224,,
TRUE,verb,,setzen dich,,"sit down, sentarse",house,224,,
TRUE,adjective,,gespannt,,"excited, entusiasmado","house, emotions",224,,
TRUE,adjective,,aufgeregt,,"excited, entusiasmado","house, emotions",224,,
TRUE,adjective,,begeistert,,"excited, entusiasmado","house, emotions",224,,
TRUE,adjective,,beeindruckt,,"impressed, impresionado","house, emotions",224,,
TRUE,verb,,beeindrucken,,"impress, impresionar","house, emotions",224,,
TRUE,noun,das,Geschirr,,"dishes, platos",house,224,,
TRUE,adjective,,sauber,,"clean, limpio","house, travel",224,,
TRUE,adverb,,sogar,,"even, incluso",house,224,,
TRUE,verb,,anmachen,,"turn on, encender",house,224,,
TRUE,skill,,spaß machen,,to have fun,house,224,,
TRUE,verb,,spülen,,"wash dishes, lavar platos",house,224,,
TRUE,verb,,sauber machen,,"clean, limpiar",house,224,,
TRUE,verb,,aufräumen,,"tydy up, limpiar","house, trennbare",224,,
TRUE,verb,,putzen,,"clean, limpiar",house,224,,
TRUE,noun,das,Waschbecken,Waschbecken,"sink, lavabo",house,226,,
TRUE,noun,der,Spiegel,Spiegel,"mirror, espejo",house,226,,
TRUE,noun,die,Gardine,Gardinen,"curtain, cortina",house,226,,
TRUE,noun,der,Nachttisch,Nachttische,"bedside table, velador",house,226,,
TRUE,noun,die,Garage,Garagen,"garage, garaje",house,226,,
TRUE,verb,der,Wecker,Wecker,"alarm clock, despertador",house,226,,
TRUE,adjective,,gemütlich,,"cozy, acogedor","house, travel",222,,
TRUE,adjective,,klein,,"small, pequeno","house, body",222,,
TRUE,adjective,,groß,,"big, grande","house, body",222,,
TRUE,adjective,,hell,,"bright, brillante","general, house",222,,
TRUE,adjective,,dunkel,,"dark, obscuro","general, house",222,,
TRUE,noun,der,Himmel,Himmel,"sky, cielo",weather,222,,
TRUE,noun,der,Anzug,Anzüge,"suit, traje",house,222,,
TRUE,adjective,,laut,,"loud, ruidoso",house,222,,
TRUE,adjective,,leise,,"quiet, silencioso",house,222,,
TRUE,adjective,,möbliert,,"furnished, amoblado",house,222,,
TRUE,verb,,wohnen,,"reside, residir",house,222,,
TRUE,skill,,zu Hause sein,,your house is,house,222,,
TRUE,noun,,Wind,Winde,"wind, viento",weather,222,,
TRUE,noun,das,Möbel,Möbel,"furniture, muebles",house,222,,
TRUE,adverb,,Endlich,,"finally, finalmente",house,222,,
TRUE,verb,,leben,,"live, vivir",general,222,,
TRUE,verb,,lieben,,"love, amar",general,222,,
TRUE,noun,der,Traum,Träume,"dream, suenio",general,222,,
TRUE,adjective,,schwierig,,"difficult, dificil",general,222,,
TRUE,noun,,Lieblingsorte,,favourite places,house,222,,
TRUE,question,,Wofür,,"for what, para que",house,222,,
TRUE,noun,die,Steuererklärung,,tax declaration,house,223,,
TRUE,verb,,abholen,,"collect, retirar",house,223,,
TRUE,verb,,heiraten,,"get married, casarse",house,223,,
TRUE,verb,,benötigen,,"require, requerir",house,223,,
TRUE,verb,,ausmachen,,"turn off, apagar","house, trennbare",223,,
TRUE,verb,,gegangen,,"went, fue",house,223,,
TRUE,noun,das,Stofftier,Stofftiere,"stuffed animal, peluche","house, furniture",227,,
TRUE,verb,,gehen,,"go, ir","house, verb_preposition",227,,
TRUE,verb,,kommen,,"come, venir","house, verb_preposition",227,,
TRUE,verb,,legen,,"lay, poner","house, verb_preposition",227,,
TRUE,verb,,stellen,,"put, poner","house, verb_preposition",227,,
TRUE,verb,,hängen,,"hang, colgar","house, verb_preposition",227,,
TRUE,verb,,setzen,,"set, colocar","house, verb_preposition",227,,
TRUE,verb,,sein,,"being, ser","house, verb_preposition",227,,
TRUE,verb,,liegen,,"lie down, tendido","house, verb_preposition",227,,
TRUE,verb,,stehen,,"stand, estar","house, verb_preposition",227,,
TRUE,verb,,sitzen,,"sit, sentarse","house, verb_preposition",227,,
TRUE,noun,die,Kerze,Kerzen,"candle, vela","house, furniture",228,,
TRUE,noun,das,Kissen,Kissen,"pillow, almohada","house, furniture",228,,
TRUE,noun,der,Schrank,Schränke,"wardrobe, armario","house, furniture",225,,
TRUE,noun,die,Ecke,Ecken,"corner, esquina",house,225,,
TRUE,noun,der,kamin,kamine,"fireplace, chimenea","house, furniture",225,,
TRUE,noun,der,Teppich,Teppiche,"carpet, alfombra","house, furniture",225,,
TRUE,noun,der,Flur,Flure,"hall, pasillo",house,221,,
TRUE,noun,das,Dach,Dächer,"roof, techo",house,221,,
TRUE,noun,das,Fenster,Fenster,"window, ventana",house,221,,
TRUE,noun,die,Tür,Türen,"door, puerta",house,221,,
TRUE,noun,die,Wand,Wände,"wall, pared",house,221,,
TRUE,noun,der ,Boden,Böden,"floor, piso",house,221,,
TRUE,noun,die,Etage,Etagen,"floor, piso (level)",house,221,,
TRUE,noun,das,Erdgeschoss,Erdgeschosse,"ground floor, planta baja",house,221,,
TRUE,noun,das,Untergeschoss,Untergeschosse,"basement, sotano",house,221,,
TRUE,noun,der,Nachbar,Nachbarn,"neighbor, vecino",house,221,,
TRUE,noun,der,Garten,Gärten,"garden, jardin",house,221,,
TRUE,noun,die,Terrasse,Terrassen,"terrace, terraza",house,221,,
TRUE,noun,der,Balkon,Balkonne,"balcony, balcon",house,221,,
TRUE,noun,der,Schlüssel,Schlüssel,"key, llave",house,221,,
TRUE,noun,das,Wohnzimmer,,"living room, sala",house,221,,
TRUE,noun,das,Badezimmer,,"bathroom, bano",house,221,,
TRUE,noun,das,Schlafzimmer,,"bedroom, dormitorio",house,221,,
TRUE,noun,das,Arbeitszimmer,,"Workspace, oficina",house,221,,
TRUE,noun,,feiern,,"celebrate, festejar","holidays, party",261,,
TRUE,noun,der,Feiertag,Feiertage,"holiday, feriado",holidays,261,,
TRUE,noun,der,Feierabend,Feierabende,"end of day, hora de salir",holidays,261,,
TRUE,noun,das,Silvester,,new years eve,holidays,261,,
TRUE,noun,der,Sekt,Sekte,"sparkling wine, vino espumoso",holidays,261,,
TRUE,skill,,der Tag der Deutschen Einheit,,the day of german unity,holidays,261,,
FALSE,skill,,der 1. Advent,,first of advent,holidays,261,,
TRUE,noun,die,Einheit,,"unity, unidad",holidays,261,,
TRUE,skill,,an bestimmten Orten,,in certain places,holidays,261,,
TRUE,noun,der,Geburtstag,Geburtstage,"birthday, cumpleanos",holidays,261,,
FALSE,noun,der,Karneval,,"carnival, carnaval",holidays,261,,
TRUE,noun,der,Fasching,,"carnival, carnaval",holidays,261,,
TRUE,noun,die,Fastnacht,,"carnival, carnaval",holidays,261,,
FALSE,noun,der,Adventsonntage,,"advent sunday, domingo de adviento",holidays,261,,
FALSE,noun,der ,Nikolaus,,Santa Claus,holidays,261,,
TRUE,noun,der,Heiligabend,Heiligabende,"christmas eve, noche buena",holidays,261,,
TRUE,noun,das,Weihnachten,Weihnachten,"christmas, navidad",holidays,261,,
FALSE,noun,der,Reformationstag,,reformation day,holidays,261,,
FALSE,noun,,Ostern,,"easter, pascua",holidays,261,,
FALSE,noun,,Schokoladeneier,,"chocolate egg, huevo de chocolate",holidays,261,,
TRUE,noun,der,Karfreitag,,viernes santo,holidays,261,,
TRUE,noun,,Osterhase,,"easter bunny, conejo de pascua",holidays,261,,
FALSE,noun,der,Weihnachtsbaum,,"christmas tree, arbol de navidad",holidays,261,,
TRUE,noun,die,Verkleidung,,"costume, disfraz","holidays, party",261,,
TRUE,skill,,ein Brei mit Beeren,,"a porridge with berries, colada morada","holidays, party",261,,
TRUE,noun,die,Einladung,Einladungen,"invitation, invitacion","holidays, party",262,,
TRUE,verb,,einladen,,"invite, invitar","holidays, trennbare",262,zu,
TRUE,adjective,,herzlich,,"heartfelt, con sentimiento","holidays, party",262,,
TRUE,verb,,verschickt,,"sent, enviado","holidays, party",262,,
TRUE,verb,,eingeladen,,"invited, invitado","holidays, party",262,,
TRUE,verb,,stattfinden,,"have place, tener lugar","holidays, trennbare",262,,
TRUE,verb,,Nähe,,vecindad,"holidays, party",262,,
TRUE,noun,der,Anlass,,"reason, razon","holidays, party",262,,
TRUE,skill,,Wo treffen wir uns?,,where do we meet,"holidays, party",262,,
TRUE,verb,,Spaß haben,,"have fun, divertirse","holidays, party",262,,
FALSE,skill,,Wie viele Gäste kommen zur Party?,,How many guests are coming to the party?,"holidays, party",262,,
TRUE,verb,,vorbereiten,,"prepare, preparar","holidays, trennbare",262,,
TRUE,verb,,umkehren,,"turn back, regresar","holidays, trennbare",262,,
TRUE,verb,,zurückfahren,,"trip back, viaje de regreso","holidays, trennbare",262,,
TRUE,verb,,abbiegen,,"turn, girar","holidays, trennbare",262,,
TRUE,adjective,,lustigen,,"funny, gracioso","holidays, party",263,,
TRUE,verb,,stolpern,,"stumble, tropezar","holidays, party",263,,
TRUE,noun,die,Weihnachtsmesse,,"christmas fair, feria de navidad","holidays, party",264,,
TRUE,noun,die ,Bescherung,,opening of figts,"holidays, party",264,,
TRUE,verb,,aufgeregt,,"excited, entusiasmado","holidays, party",264,,
TRUE,noun,der,Neujahrskuss,,new years kiss,"holidays, party",264,,<noyaskurs>
TRUE,verb,,kriegen,,"get, obtener","holidays, party",264,,
TRUE,adverb,,wohl,,"probably, probablemente","holidays, party",264,,
TRUE,noun,der,Erwachsenen,,"adult, adulto","holidays, party",264,chs = <x>,<erwaxenen>
TRUE,noun,die,Reihenfolge,Reihenfolgen,"sequence, secuencia","general, lingoda",264,,
TRUE,verb,,Lücken,,gaps,"general, lingoda",264,,
TRUE,verb,,klappt,,"works, funciona","holidays, party",264,,
TRUE,verb,,Das ist wirklich schade,,That is a pitty,"holidays, party",264,,
TRUE,verb,,Früher,,"earlier, mas temprano","holidays, party",264,,
TRUE,verb,,brummen,,"buzz, tararear","holidays, party",264,,
TRUE,noun,die,heimat,,"hometown, pueblo natal","holidays, party",264,,
TRUE,verb,,eigene,,"own, propio","holidays, party",265,,
TRUE,noun,die,Party,Partys,"party, fiesta","holidays, party",265,more relaxed,
TRUE,noun,die,Feier,Feiern,"celebration, celebracion","holidays, party",265,official,
TRUE,verb,,Prost,,"cheers, salud","holidays, party",265,,
TRUE,noun,der,Kuchen,Kuchen,"cake, pastel","holidays, party",265,,
TRUE,noun,die,Torte,Torten,"cake, torta","holidays, party",265,,
TRUE,noun,die,Kerze,Kerzen,"candle, vela","holidays, party",265,,
TRUE,verb,der,Erfolg,Erfolge,"success, exito","holidays, party",265,,
TRUE,skill,,wie bitte,,I beg your pardon,"holidays, party",265,,
TRUE,skill,,Wie schmeckt dir ...,,How do you like,"holidays, party",265,,
TRUE,verb,die,Dekoration,Dekorationen,"decoration, decoracion","holidays, party",265,,
TRUE,noun,der,Luftballon,Luftballons,"balloon, globo","holidays, party",265,,
TRUE,verb,,schenken,,"give a gift, dar un regalo","holidays, party",265,,
TRUE,noun,die,Schokolade,Schokoladen,chocolate,"holidays, party",265,,
TRUE,noun,der,Snack,Snacks,"snack, picada","holidays, party",265,,Was für Snacks gibt es?
TRUE,noun,das,Getränk,Getränke,"drinks, bebidas","holidays, party",265,,Welche Getränke gibt es?
TRUE,noun,die,Musik,Musik,"music, musica","holidays, party",265,,
TRUE,noun,die,Disco,Discos,disco,"holidays, party",265,,
TRUE,noun,die,Hochzeit,Hochzeiten,"marriage, matrimonio","holidays, party",265,,
TRUE,noun,das,Feuerwerk,,"fireworks, fuegos artificiales","holidays, party",265,,
TRUE,verb,,pusten,,"blow, soplar","holidays, party",265,,
TRUE,verb,,blasen,,"blow, soplar","holidays, party",265,,
TRUE,adjective,,besonderes,,"special, especial","holidays, party",265,,
TRUE,adverb,,besonders,,"specially, especialmente","holidays, party",265,,
TRUE,verb,,streamen,,stream,"holidays, party",265,,
TRUE,noun,das,Haus,Häuser,"house, casa","holidays, party",265,,
TRUE,skill,,"Schön, dass du da bist",,Nice that you're here,"holidays, party",266,,
TRUE,noun,,Abschluss, Abschlüsse,"graduation, graduacion","holidays, party",266,,
TRUE,skill,,einfach so,,simply that way,"holidays, party",266,,gochian
TRUE,noun,,Alles Gute zum geburtstag!,,happy birhday,"holidays, party",266,,Alles Gute!
TRUE,noun,,Sich für die Einladung bedanken,,thank you for the invitation,"holidays, party",266,,
TRUE,noun,,eine Einladung bekommen,,get an invitation,"holidays, party",266,,
TRUE,skill,,wir dürfen nicht so laut sein,,we must not be so loud,"holidays, party",266,,
TRUE,skill,,Spieleabend,,"game night, noche de juegos","holidays, party",266,,
TRUE,skill,,Brettspiele,,"board games, juegos de mesa","holidays, party",266,,
TRUE,skill,,ich kann kommen,,I can come,"holidays, party",266,,
TRUE,skill,,Ich freue mich auf ,,I'm looking forward to,"holidays, party",266,,
TRUE,skill,,Ich freue mich drauf,,I'm looking forward to it,"holidays, party",266,,
TRUE,adverb,,leider,,"unfortunatelly, desafortunadamente","holidays, party",266,,
TRUE,skill,,Ich kann leider nicht kommen,,"Sorry, I can not come","holidays, party",266,,
TRUE,noun,der,Gast,Gäste,"guest, invitado","holidays, party",266,,
TRUE,skill,,Snacks mitbringen,,bring snacks,"holidays, party",266,,
TRUE,skill,,zur Party gehen,,go to the party,"holidays, party",266,,zur - gehen
TRUE,skill,,Wir sind auf einer Party.,,we are at a party,"holidays, party",266,,sind - auf
TRUE,verb,,bequatschen,,"chat, conversar","holidays, party",266,,
TRUE,verb,,ausblasen,,"blow, soplar","holidays, party",266,,
TRUE,verb,,absagen,,"cancel, cancelar","holidays, party",266,,
TRUE,verb,,zusagen,,accept,"holidays, party",266,,
TRUE,skill,,auf jeden Fall,,"definitelly, ","holidays, party",266,,
TRUE,adjective,,gemeinsam,,"together, juntos","holidays, party",266,,
TRUE,verb,,bekommen,,"receive, recibir","holidays, party",266,,
TRUE,noun,der,Frieden,Frieden,"peace, paz","holidays, party",266,,